(NULL,'The Sound','8/1/2017','Kyber Krystals','Brazil','1712247'),
(NULL,'BLOCK51','8/1/2017','BACI','Germany','905698'),
(NULL,'Caught In The Middle','8/1/2017','Anastacia','Italy','4331194'),
(NULL,'Would You Ever','8/1/2017','Skrillex','Japan','230353660'),
(NULL,'Vivo Pensando En Ti','8/1/2017','Felipe Pelaez','Mexico','157424393'),
(NULL,'Macaulay Culkin','8/1/2017','Ladilla Rusa','Spain','5350769'),
(NULL,'Turn Up On the Weekend','8/1/2017','Branchez','United States','4087308'),
(NULL,'The Sound','8/2/2017','Kyber Krystals','Brazil','1712247'),
(NULL,'BLOCK51','8/2/2017','BACI','Germany','905698'),
(NULL,'Caught In The Middle','8/2/2017','Anastacia','Italy','4331194'),
(NULL,'Would You Ever','8/2/2017','Skrillex','Japan','230353660'),
(NULL,'Vivo Pensando En Ti','8/2/2017','Felipe Pelaez','Mexico','157424393'),
(NULL,'Macaulay Culkin','8/2/2017','Ladilla Rusa','Spain','5350769'),
(NULL,'Look What You Made Me Do','9/1/2017','Taylor Swift','Brazil','787257635'),
(NULL,'Bayrischer Biertechno','9/1/2017','Jonny3000','Germany','5449853'),
(NULL,'Look What You Made Me Do','9/1/2017','Taylor Swift','Italy','787257635'),
(NULL,'Look What You Made Me Do','9/1/2017','Taylor Swift','Mexico','787257635'),
(NULL,'Look What You Made Me Do','9/1/2017','Taylor Swift','Spain','787257635'),
(NULL,'These Heaux','9/1/2017','Bhad Bhabie','United States','46468192'),
(NULL,'Turn Up On the Weekend','8/2/2017','Branchez','United States','4087308'),
(NULL,'The Sound','8/3/2017','Kyber Krystals','Brazil','1712247'),
(NULL,'Look What You Made Me Do','9/2/2017','Taylor Swift','Brazil','787257635'),
(NULL,'BLOCK51','8/3/2017','BACI','Germany','905698'),
(NULL,'Would You Ever','8/3/2017','Skrillex','Japan','230353660'),
(NULL,'Vivo Pensando En Ti','8/3/2017','Felipe Pelaez','Mexico','157424393'),
(NULL,'Bayrischer Biertechno','9/2/2017','Jonny3000','Germany','5449853'),
(NULL,'Jocelyn Flores','9/2/2017','XXXTENTACION','Italy','1839170838'),
(NULL,'Look What You Made Me Do','9/2/2017','Taylor Swift','Mexico','787257635'),
(NULL,'Look What You Made Me Do','9/2/2017','Taylor Swift','Spain','787257635'),
(NULL,'These Heaux','9/2/2017','Bhad Bhabie','United States','46468192'),
(NULL,'Look What You Made Me Do','9/3/2017','Taylor Swift','Brazil','787257635'),
(NULL,'Macaulay Culkin','8/3/2017','Ladilla Rusa','Spain','5350769'),
(NULL,'Turn Up On the Weekend','8/3/2017','Branchez','United States','4087308'),
(NULL,'The Sound','8/4/2017','Kyber Krystals','Brazil','1712247'),
(NULL,'Bayrischer Biertechno','9/3/2017','Jonny3000','Germany','5449853'),
(NULL,'Die schwarze Seite des Hippies','8/4/2017','Grinch Hill','Germany','4241113'),
(NULL,'Not Dead Yet','8/4/2017','Falling Apart','Italy','1151140'),
(NULL,'Would You Ever','8/4/2017','Skrillex','Japan','230353660'),
(NULL,'Vivo Pensando En Ti','8/4/2017','Felipe Pelaez','Mexico','157424393'),
(NULL,'Macaulay Culkin','8/4/2017','Ladilla Rusa','Spain','5350769'),
(NULL,'Turn Up On the Weekend','8/4/2017','Branchez','United States','4087308'),
(NULL,'The Sound','8/5/2017','Kyber Krystals','Brazil','1712247'),
(NULL,'Die schwarze Seite des Hippies','8/5/2017','Grinch Hill','Germany','4241113'),
(NULL,'Not Dead Yet','8/5/2017','Falling Apart','Italy','1151140'),
(NULL,'Gotta Get A Grip','8/5/2017','Mick Jagger','Japan','3098677'),
(NULL,'Vivo Pensando En Ti','8/5/2017','Felipe Pelaez','Mexico','157424393'),
(NULL,'Macaulay Culkin','8/5/2017','Ladilla Rusa','Spain','5350769'),
(NULL,'Turn Up On the Weekend','8/5/2017','Branchez','United States','4087308'),
(NULL,'The Sound','8/6/2017','Kyber Krystals','Brazil','1712247'),
(NULL,'Back to You','8/6/2017','Louis Tomlinson','Germany','538449017'),
(NULL,'Not Dead Yet','8/6/2017','Falling Apart','Italy','1151140'),
(NULL,'Vivo Pensando En Ti','8/6/2017','Felipe Pelaez','Mexico','157424393'),
(NULL,'Jocelyn Flores','9/3/2017','XXXTENTACION','Italy','1839170838'),
(NULL,'Look What You Made Me Do','9/3/2017','Taylor Swift','Mexico','787257635'),
(NULL,'Look What You Made Me Do','9/3/2017','Taylor Swift','Spain','787257635'),
(NULL,'Macaulay Culkin','8/6/2017','Ladilla Rusa','Spain','5350769'),
(NULL,'Turn Up On the Weekend','8/6/2017','Branchez','United States','4087308'),
(NULL,'These Heaux','9/3/2017','Bhad Bhabie','United States','46468192'),
(NULL,'Na Pele','8/7/2017','Elza Soares e Pitty','Brazil','2758193'),
(NULL,'...Ready For It?','9/4/2017','Taylor Swift','Brazil','425552642'),
(NULL,'Knacheltief','8/7/2017','Trettman','Germany','94796238'),
(NULL,'Tu Conmigo','8/7/2017','Vitalic','Italy','11014828'),
(NULL,'Vivo Pensando En Ti','8/7/2017','Felipe Pelaez','Mexico','157424393'),
(NULL,'Havana','8/7/2017','Camila Cabello','Spain','1823089316'),
(NULL,'Bayrischer Biertechno','9/4/2017','Jonny3000','Germany','5449853'),
(NULL,'Un Temporale','9/4/2017','Ghemon','Italy','9473385'),
(NULL,'Look What You Made Me Do','9/4/2017','Taylor Swift','Mexico','787257635'),
(NULL,'La Inmensidad','9/4/2017','La Maravillosa Orquesta del Alcohol','Spain','12261042'),
(NULL,'...Ready For It?','9/4/2017','Taylor Swift','United States','425552642'),
(NULL,'...Ready For It?','9/5/2017','Taylor Swift','Brazil','425552642'),
(NULL,'Cocaina','8/7/2017','Captian Cuts','United States','4019590'),
(NULL,'Bayrischer Biertechno','9/5/2017','Jonny3000','Germany','5449853'),
(NULL,'Na Pele','8/8/2017','Elza Soares e Pitty','Brazil','2758193'),
(NULL,'Knacheltief','8/8/2017','Trettman','Germany','94796238'),
(NULL,'Tu Conmigo','8/8/2017','Vitalic','Italy','11014828'),
(NULL,'Un Temporale','9/5/2017','Ghemon','Italy','9473385'),
(NULL,'Look What You Made Me Do','9/5/2017','Taylor Swift','Mexico','787257635'),
(NULL,'La Inmensidad','9/5/2017','La Maravillosa Orquesta del Alcohol','Spain','12261042'),
(NULL,'...Ready For It?','9/5/2017','Taylor Swift','United States','425552642'),
(NULL,'OMG','8/8/2017','Camila Cabello','Mexico','207730193'),
(NULL,'Sa da Tu','9/6/2017','Banda A Favorita','Brazil','530159'),
(NULL,'Havana','8/8/2017','Camila Cabello','Spain','1823089316'),
(NULL,'Cocaina','8/8/2017','Captian Cuts','United States','4019590'),
(NULL,'Na Pele','8/9/2017','Elza Soares e Pitty','Brazil','2758193'),
(NULL,'Bayrischer Biertechno','9/6/2017','Jonny3000','Germany','5449853'),
(NULL,'Un Temporale','9/6/2017','Ghemon','Italy','9473385'),
(NULL,'...Ready For It?','9/6/2017','Taylor Swift','Japan','425552642'),
(NULL,'Mas de ta','9/6/2017','SBM','Mexico','4684919'),
(NULL,'Bargeld','8/9/2017','Veysel','Germany','29304927'),
(NULL,'La Inmensidad','9/6/2017','La Maravillosa Orquesta del Alcohol','Spain','12261042'),
(NULL,'Tu Conmigo','8/9/2017','Vitalic','Italy','11014828'),
(NULL,'Ven a Mi','8/9/2017','BrunOG','Mexico','3009033'),
(NULL,'Havana','8/9/2017','Camila Cabello','Spain','1823089316'),
(NULL,'Cocaina','8/9/2017','Captain Cuts','United States','4019590'),
(NULL,'Sa da Tu','9/7/2017','Banda A Favorita','Brazil','530159'),
(NULL,'Na Pele','8/10/2017','Elza Soares e Pitty','Brazil','2758193'),
(NULL,'Bayrischer Biertechno','9/7/2017','Jonny3000','Germany','5449853'),
(NULL,'...Ready For It?','9/6/2017','Taylor Swift','United States','425552642'),
(NULL,'Saufen Morgens','8/10/2017','Ingo ohne Flamingo','Germany','53342507'),
(NULL,'Un Temporale','9/7/2017','Ghemon','Italy','9473385'),
(NULL,'...Ready For It?','9/7/2017','Taylor Swift','Japan','425552642'),
(NULL,'Mas de ta','9/7/2017','SBM','Mexico','4684919'),
(NULL,'La Inmensidad','9/7/2017','La Maravillosa Orquesta del Alcohol','Spain','12261042'),
(NULL,'...Ready For It?','9/7/2017','Taylor Swift','United States','425552642'),
(NULL,'Sa da Tu','9/8/2017','Banda A Favorita','Brazil','530159'),
(NULL,'Tu Conmigo','8/10/2017','Vitalic','Italy','11014828'),
(NULL,'Bayrischer Biertechno','9/8/2017','Jonny3000','Germany','5449853'),
(NULL,'Ven a Mi','8/10/2017','BrunOG','Mexico','3009033'),
(NULL,'Havana','8/10/2017','Camila Cabello','Spain','1823089316'),
(NULL,'Cocaina','8/10/2017','Captian Cuts','United States','4019590'),
(NULL,'Un Temporale','9/8/2017','Ghemon','Italy','9473385'),
(NULL,'...Ready For It?','9/8/2017','Taylor Swift','Japan','425552642'),
(NULL,'Mas de ta','9/8/2017','SBM','Mexico','4684919'),
(NULL,'...Ready For It?','9/8/2017','Taylor Swift','Spain','425552642'),
(NULL,'...Ready For It?','9/8/2017','Taylor Swift','United States','425552642'),
(NULL,'Na Pele','8/11/2017','Elza Soares e Pitty','Brazil','2758193'),
(NULL,'Sa da Tu','9/9/2017','Banda A Favorita','Brazil','530159'),
(NULL,'Saufen Morgens','8/11/2017','Ingo ohne Flamingo','Germany','53342507'),
(NULL,'Tu Conmigo','8/11/2017','Vitalic','Italy','11014828'),
(NULL,'Ven a Mi','8/11/2017','BrunOG','Mexico','3009033'),
(NULL,'Gib mir bisschen Sekt','9/9/2017','MCNZI','Germany','2221584'),
(NULL,'Un Temporale','9/9/2017','Ghemon','Italy','9473385'),
(NULL,'...Ready For It?','9/9/2017','Taylor Swift','Japan','425552642'),
(NULL,'Macaulay Culkin','8/11/2017','Ladilla Rusa','Spain','5360769'),
(NULL,'...Ready For It?','9/9/2017','Taylor Swift','Mexico','425552642'),
(NULL,'Let Me','8/11/2017','GrizzRivers','United States','798869'),
(NULL,'Na Pele','8/12/2017','Elza Soares e Pitty','Brazil','2758193'),
(NULL,'...Ready For It?','9/9/2017','Taylor Swift','Spain','425552642'),
(NULL,'...Ready For It?','9/9/2017','Taylor Swift','United States','425552642'),
(NULL,'Sa da Tu','9/10/2017','Banda A Favorita','Brazil','530159'),
(NULL,'Saufen Morgens','8/12/2017','Ingo ohne Flamingo','Germany','53342507'),
(NULL,'Gib mir bisschen Sekt','9/10/2017','MCNZI','Germany','2221584'),
(NULL,'Tu Conmigo','8/12/2017','Vitalic','Italy','11014828'),
(NULL,'Ven a Mi','8/12/2017','BrunOG','Mexico','3009033'),
(NULL,'Un Temporale','9/10/2017','Ghemon','Italy','9473385'),
(NULL,'...Ready For It?','9/10/2017','Taylor Swift','Japan','425552642'),
(NULL,'Mas de ta','9/10/2017','SBM','Mexico','4684919'),
(NULL,'Mayores','8/12/2017','Becky G','Spain','600197728'),
(NULL,'Let Me','8/12/2017','GrizzRivers','United States','798869'),
(NULL,'Na Pele','8/13/2017','Elza Soares e Pitty','Brazil','2758193'),
(NULL,'Saufen Morgens','8/13/2017','Ingo ohne Flamingo','Germany','530159'),
(NULL,'Tu Conmigo','8/13/2017','Vitalic','Italy','11014828'),
(NULL,'Ven a Mi','8/13/2017','BrunOG','Mexico','3009033'),
(NULL,'...Ready For It?','9/10/2017','Taylor Swift','United States','425552642'),
(NULL,'Sa da Tu','9/11/2017','Banda A Favorita','Brazil','530159'),
(NULL,'Too Good At Goodbyes - Edit','9/11/2017','Sam Smith','Germany','1593468497'),
(NULL,'Ti attraverso','9/11/2017','Colapesce','Italy','2545245'),
(NULL,'Too Good At Goodbyes - Edit','9/11/2017','Sam Smith','Japan','1593468497'),
(NULL,'Pesao','9/11/2017','Santa Estilo','Mexico','102859435'),
(NULL,'No vaya a ser','9/11/2017','Pablo Alboran','Spain','113653096'),
(NULL,'Too Good At Goodbyes - Edit','9/11/2017','Sam Smith','United States','1593468497'),
(NULL,'Too Good At Goodbyes - Edit','9/12/2017','Sam Smith','Brazil','1593468497'),
(NULL,'Too Good At Goodbyes - Edit','9/12/2017','Sam Smith','Germany','1593468497'),
(NULL,'Ti attraverso','9/12/2017','Colapesce','Italy','2545245'),
(NULL,'Too Good At Goodbyes - Edit','9/12/2017','Sam Smith','Japan','1593468497'),
(NULL,'Pesao','9/12/2017','Santa Estilo','Mexico','102859435'),
(NULL,'No vaya a ser','9/12/2017','Pablo Alboran','Spain','1593468497'),
(NULL,'Mayores','8/13/2017','Becky G','Spain','600197728'),
(NULL,'Prisoner 709','9/13/2017','Caparezza','Italy','5606579'),
(NULL,'Let Me','8/13/2017','GrizzRivers','United States','798869'),
(NULL,'Too Good At Goodbyes - Edit','9/13/2017','Sam Smith','Japan','1593468497'),
(NULL,'Pesao','9/13/2017','Santa Estilo','Mexico','102859435'),
(NULL,'Angel','8/14/2017','Fifth Harmony','Brazil','55302654'),
(NULL,'No vaya a ser','9/13/2017','Pablo Alboran','Spain','113653096'),
(NULL,'Saufen Morgens','8/14/2017','Ingo ohne Flamingo','Germany','53342507'),
(NULL,'Too Good At Goodbyes - Edit','9/13/2017','Sam Smith','United States','1593468497'),
(NULL,'Too Good At Goodbyes - Edit','9/14/2017','Sam Smith','Brazil','1593468497'),
(NULL,'Viento','8/14/2017','Gianluca Vacchi','Italy','35727770'),
(NULL,'Without You','8/14/2017','Avicii','Japan','864295369'),
(NULL,'Baila como hombre','8/14/2017','Sebastian','Mexico','7723611'),
(NULL,'Without Love','8/14/2017','Alice Glass','Spain','4138578'),
(NULL,'Silence','8/14/2017','Marshmello','United States','1292512059'),
(NULL,'Angel','8/15/2017','Fifth Harmony','Brazil','55302654'),
(NULL,'Too Good At Goodbyes - Edit','9/14/2017','Sam Smith','Germany','1593468497'),
(NULL,'Ottima Scusa','9/14/2017','Willie Peyote','Italy','16640838'),
(NULL,'Too Good At Goodbyes - Edit','9/14/2017','Sam Smith','Japan','1593468497'),
(NULL,'Pesao','9/14/2017','Santa Estilo','Mexico','102859435'),
(NULL,'No vaya a ser','9/14/2017','Pablo Alboran','Spain','113653096'),
(NULL,'Too Good At Goodbyes - Edit','9/14/2017','Sam Smith','United States','1593468497'),
(NULL,'Sa da Tu','9/15/2017','Banda A Favorita','Brazil','530159'),
(NULL,'Gib mir bisschen Sekt','9/15/2017','MCNZI','Germany','2221584'),
(NULL,'Un Temporale','9/15/2017','Ghemon','Italy','9473385'),
(NULL,'Too Good At Goodbyes - Edit','9/15/2017','Sam Smith','Japan','1593468497'),
(NULL,'Pesao','9/15/2017','Santa Estilo','Mexico','102859435'),
(NULL,'No vaya a ser','9/15/2017','Pablo Alboran','Spain','1593468497'),
(NULL,'Saufen Morgens','8/15/2017','Ingo ohne Flamingo','Germany','530159'),
(NULL,'Too Good At Goodbyes - Edit','9/15/2017','Sam Smith','United States','1593468497'),
(NULL,'Viento','8/15/2017','Gianluca Vacchi','Italy','35727770'),
(NULL,'Without You','8/15/2017','Avicii','Japan','864295369'),
(NULL,'Baila como hombre','8/15/2017','Sebastian','Mexico','7723611'),
(NULL,'Without Love','8/15/2017','Alice Glass','Spain','4138578'),
(NULL,'Silence','8/15/2017','Marshmello','United States','1292512059'),
(NULL,'Angel','8/16/2017','Fifth Harmony','Brazil','55302654'),
(NULL,'Sa da Tu','9/16/2017','Banda A Favorita','Brazil','530159'),
(NULL,'Saufen Morgens','8/16/2017','Ingo ohne Flamingo','Germany','530159'),
(NULL,'Gib mir bisschen Sekt','9/16/2017','MCNZI','Germany','2221584'),
(NULL,'Viento','8/16/2017','Gianluca Vacchi','Italy','35727770'),
(NULL,'Without You','8/16/2017','Avicii','Japan','864295369'),
(NULL,'Un Temporale','9/16/2017','Ghemon','Italy','9473385'),
(NULL,'Too Good At Goodbyes - Edit','9/16/2017','Sam Smith','Japan','1593468497'),
(NULL,'Pesao','9/16/2017','Santa Estilo','Mexico','102859435'),
(NULL,'Viento','8/16/2017','Gianluca Vacchi','Mexico','35727770'),
(NULL,'Without Love','8/16/2017','Alice Glass','Spain','4138578'),
(NULL,'No vaya a ser','9/16/2017','Pablo Alboran','Spain','1593468497'),
(NULL,'Too Good At Goodbyes - Edit','9/16/2017','Sam Smith','United States','1593468497'),
(NULL,'Silence','8/16/2017','Marshmello','United States','1292512059'),
(NULL,'Diaspora','8/17/2017','Tribalistas','Brazil','10646653'),
(NULL,'Sa da Tu','9/17/2017','Banda A Favorita','Brazil','530159'),
(NULL,'Saufen Morgens','8/17/2017','Ingo ohne Flamingo','Germany','530159'),
(NULL,'Viento','8/17/2017','Gianluca Vacchi','Italy','35727770'),
(NULL,'Baila como hombre','8/17/2017','Sebastian','Mexico','7723611'),
(NULL,'Viento','8/17/2017','Gianluca Vacchi','Spain','35727770'),
(NULL,'Silence','8/17/2017','Marshmello','United States','1292512059'),
(NULL,'Angel','8/18/2017','Fifth Harmony','Brazil','55302654'),
(NULL,'Saufen Morgens','8/18/2017','Ingo ohne Flamingo','Germany','530159'),
(NULL,'Viento','8/18/2017','Gianluca Vacchi','Italy','35727770'),
(NULL,'Baila como hombre','8/18/2017','Sebastian','Mexico','7723611'),
(NULL,'Viento','8/18/2017','Gianluca Vacchi','Spain','35727770'),
(NULL,'Silence','8/18/2017','Marshmello','United States','1292512059'),
(NULL,'Havana','8/19/2017','Camila Cabello','Brazil','1823089316'),
(NULL,'Saufen Morgens','8/19/2017','Ingo ohne Flamingo','Germany','530159'),
(NULL,'Gib mir bisschen Sekt','9/17/2017','MCNZI','Germany','2221584'),
(NULL,'Ti attraverso','9/17/2017','Colapesce','Italy','2545245'),
(NULL,'Too Good At Goodbyes - Edit','9/17/2017','Sam Smith','Japan','1593468497'),
(NULL,'Pesao','9/17/2017','Santa Estilo','Mexico','102859435'),
(NULL,'No vaya a ser','9/17/2017','Pablo Alboran','Spain','1593468497'),
(NULL,'Too Good At Goodbyes - Edit','9/17/2017','Sam Smith','United States','1593468497'),
(NULL,'Viento','8/19/2017','Gianluca Vacchi','Italy','35727770'),
(NULL,'Viento','8/19/2017','Gianluca Vacchi','Mexico','35727770'),
(NULL,'Viento','8/19/2017','Gianluca Vacchi','Spain','35727770'),
(NULL,'Silence','8/19/2017','Marshmello','United States','1292512059'),
(NULL,'Havana','8/20/2017','Camila Cabello','Brazil','1823089316'),
(NULL,'Saufen Morgens','8/20/2017','Ingo ohne Flamingo','Germany','530159'),
(NULL,'Silence','8/20/2017','Marshmello','United States','1292512059'),
(NULL,'Friends','8/21/2017','Justin Bieber','Brazil','612343057'),
(NULL,'Saufen Morgens','8/21/2017','Ingo ohne Flamingo','Germany','530159'),
(NULL,'Friends','8/21/2017','Justin Bieber','Italy','612343057'),
(NULL,'The Gate','9/18/2017','Bjark','Brazil','5723902'),
(NULL,'rockstar','9/18/2017','Post Malone','Germany','2547635755'),
(NULL,'Una Chiave','9/18/2017','Caparezza','Italy','11986187'),
(NULL,'The Gate','9/18/2017','Bjark','Japan','5723902'),
(NULL,'Too Good At Goodbyes - Edit','9/18/2017','Sam Smith','Mexico','1593468497'),
(NULL,'Aun Sin Ti','8/21/2017','JNS','Mexico','9644227'),
(NULL,'Friends','8/21/2017','Justin Bieber','Spain','612343057'),
(NULL,'Friends','8/21/2017','Justin Bieber','United States','612343057'),
(NULL,'Friends','8/22/2017','Justin Bieber','Brazil','612343057'),
(NULL,'Saufen Morgens','8/22/2017','Ingo ohne Flamingo','Germany','530159'),
(NULL,'Friends','8/22/2017','Justin Bieber','Italy','612343057'),
(NULL,'Aun Sin Ti','8/22/2017','JNS','Mexico','9644227'),
(NULL,'8=d','8/22/2017','Bejito','Spain','134187'),
(NULL,'Friends','8/22/2017','Justin Bieber','United States','612343057'),
(NULL,'Friends','8/23/2017','Justin Bieber','Brazil','612343057'),
(NULL,'Invisible','9/18/2017','Mala','Spain','48032'),
(NULL,'Bayrischer Biertechno','8/23/2017','Jonny3000','Germany','5449853'),
(NULL,'rockstar','9/18/2017','Post Malone','United States','2547635755'),
(NULL,'The Gate','9/19/2017','Bjark','Brazil','5723902'),
(NULL,'rockstar','9/19/2017','Post Malone','Germany','2547635755'),
(NULL,'Una Chiave','9/19/2017','Caparezza','Italy','11986187'),
(NULL,'The Gate','9/19/2017','Bjark','Japan','5723902'),
(NULL,'Pesao','9/19/2017','Santa Estilo','Mexico','102859435'),
(NULL,'Invisible','9/19/2017','Mala','Spain','48032'),
(NULL,'rockstar','9/19/2017','Post Malone','United States','2547635755'),
(NULL,'The Gate','9/20/2017','Bjark','Brazil','5723902'),
(NULL,'Friends','8/23/2017','Justin Bieber','Italy','612343057'),
(NULL,'Aun Sin Ti','8/23/2017','JNS','Mexico','9644227'),
(NULL,'8=d','8/23/2017','Bejito','Spain','134187'),
(NULL,'Friends','8/23/2017','Justin Bieber','United States','612343057'),
(NULL,'Reggaetan Lento','8/24/2017','CNCO','Brazil','332827711'),
(NULL,'Bayrischer Biertechno','8/24/2017','Jonny3000','Germany','5449853'),
(NULL,'rockstar','9/20/2017','Post Malone','Germany','2547635755'),
(NULL,'Friends','8/24/2017','Justin Bieber','Italy','612343057'),
(NULL,'Aun Sin Ti','8/24/2017','JNS','Mexico','9644227'),
(NULL,'Una Chiave','9/20/2017','Caparezza','Italy','11986187'),
(NULL,'The Gate','9/20/2017','Bjark','Japan','5723902'),
(NULL,'Pesao','9/20/2017','Santa Estilo','Mexico','102859435'),
(NULL,'Invisible','9/20/2017','Mala','Spain','48032'),
(NULL,'8=d','8/24/2017','Bejito','Spain','134187'),
(NULL,'Take Me','8/24/2017','Aly & AJ','United States','15720457'),
(NULL,'rockstar','9/20/2017','Post Malone','United States','2547635755'),
(NULL,'Poesia Acastica #2: Sobre Nas','8/25/2017','Delacruz','Brazil','126645760'),
(NULL,'The Gate','9/21/2017','Bjark','Brazil','5723902'),
(NULL,'Bayrischer Biertechno','8/25/2017','Jonny3000','Germany','5449853'),
(NULL,'rockstar','9/21/2017','Post Malone','Germany','2547635755'),
(NULL,'What About Us','8/25/2017','P!nk','Italy','649937291'),
(NULL,'Aun Sin Ti','8/25/2017','JNS','Mexico','9644227'),
(NULL,'8=d','8/25/2017','Bejito','Spain','134187'),
(NULL,'Take Me','8/25/2017','Aly & AJ','United States','15720457'),
(NULL,'Poesia Acastica #2: Sobre Nas','8/26/2017','Delacruz','Brazil','126645760'),
(NULL,'Bayrischer Biertechno','8/26/2017','Jonny3000','Germany','5449853'),
(NULL,'Viento','8/26/2017','Gianluca Vacchi','Italy','35727770'),
(NULL,'Criminal','8/26/2017','Natti Natasha','Mexico','770636924'),
(NULL,'Una Chiave','9/21/2017','Caparezza','Italy','11986187'),
(NULL,'The Gate','9/21/2017','Bjark','Japan','5723902'),
(NULL,'The Gate','9/21/2017','Bjark','Mexico','5723902'),
(NULL,'Invisible','9/21/2017','Mala','Spain','48032'),
(NULL,'rockstar','9/21/2017','Post Malone','United States','2547635755'),
(NULL,'rockstar','9/22/2017','Post Malone','Brazil','2547635755'),
(NULL,'rockstar','9/22/2017','Post Malone','Germany','2547635755'),
(NULL,'Una Chiave','9/22/2017','Caparezza','Italy','11986187'),
(NULL,'Youare The Best Thing About Me - U2 Vs. Kygo','9/22/2017','U2','Japan','54461928'),
(NULL,'Darlo Todo','9/22/2017','Marissa Mur','Mexico','3182688'),
(NULL,'rockstar','9/22/2017','Post Malone','Spain','2547635755'),
(NULL,'rockstar','9/22/2017','Post Malone','United States','2547635755'),
(NULL,'Sa da Tu','9/23/2017','Banda A Favorita','Brazil','530159'),
(NULL,'rockstar','9/23/2017','Post Malone','Germany','2547635755'),
(NULL,'Una Chiave','9/23/2017','Caparezza','Italy','11986187'),
(NULL,'Youare The Best Thing About Me - U2 Vs. Kygo','9/23/2017','U2','Japan','54461928'),
(NULL,'Darlo Todo','9/23/2017','Marissa Mur','Mexico','3182688'),
(NULL,'rockstar','9/23/2017','Post Malone','Spain','2547635755'),
(NULL,'rockstar','9/23/2017','Post Malone','United States','2547635755'),
(NULL,'rockstar','9/24/2017','Post Malone','Germany','2547635755'),
(NULL,'Sa da Tu','9/24/2017','Banda A Favorita','Brazil','530159'),
(NULL,'8=d','8/26/2017','Bejito','Spain','134187'),
(NULL,'Silence','8/26/2017','Marshmello','United States','1292512059'),
(NULL,'Una Chiave','9/24/2017','Caparezza','Italy','11986187'),
(NULL,'Youare The Best Thing About Me - U2 Vs. Kygo','9/24/2017','U2','Japan','54461928'),
(NULL,'Darlo Todo','9/24/2017','Marissa Mur','Mexico','3182688'),
(NULL,'Poesia Acastica #2: Sobre Nas','8/27/2017','Delacruz','Brazil','15720457'),
(NULL,'rockstar','9/24/2017','Post Malone','Spain','2547635755'),
(NULL,'Bayrischer Biertechno','8/27/2017','Jonny3000','Germany','5449853'),
(NULL,'What About Us','8/27/2017','P!nk','Italy','649937291'),
(NULL,'Criminal','8/27/2017','Natti Natasha','Mexico','770636924'),
(NULL,'Criminal','8/27/2017','Natti Natasha','Spain','770636924'),
(NULL,'Money Team','8/27/2017','Friyie','United States','6141992'),
(NULL,'Look What You Made Me Do','8/28/2017','Taylor Swift','Brazil','787257635'),
(NULL,'rockstar','9/24/2017','Post Malone','United States','2547635755'),
(NULL,'rockstar','9/25/2017','Post Malone','Brazil','2547635755'),
(NULL,'Bayrischer Biertechno','8/28/2017','Jonny3000','Germany','5449853'),
(NULL,'Mans Not Hot','9/25/2017','Big Shaq','Germany','279941393'),
(NULL,'Il Tuo Vestito Bianco','9/25/2017','Giorgio Poi','Italy','5096752'),
(NULL,'Spent the Day in Bed','9/25/2017','Morrissey','Japan','18887376'),
(NULL,'Darlo Todo','9/25/2017','Marissa Mur','Mexico','3182688'),
(NULL,'Look What You Made Me Do','8/28/2017','Taylor Swift','Italy','787257635'),
(NULL,'Look What You Made Me Do','8/28/2017','Taylor Swift','Japan','787257635'),
(NULL,'Look What You Made Me Do','8/28/2017','Taylor Swift','Mexico','787257635'),
(NULL,'Look What You Made Me Do','8/28/2017','Taylor Swift','Spain','787257635'),
(NULL,'Look What You Made Me Do','8/28/2017','Taylor Swift','United States','787257635'),
(NULL,'Look What You Made Me Do','8/29/2017','Taylor Swift','Brazil','787257635'),
(NULL,'Te lo Digo a Ti','9/25/2017','Vetusta Morla','Spain','9718328'),
(NULL,'Hi Bich','9/25/2017','Bhad Bhabie','United States','114056721'),
(NULL,'Poxa Crush','9/26/2017','Nicks Vieira','Brazil','907636'),
(NULL,'Mans Not Hot','9/26/2017','Big Shaq','Germany','279941393'),
(NULL,'Bayrischer Biertechno','8/29/2017','Jonny3000','Germany','5449853'),
(NULL,'Look What You Made Me Do','8/29/2017','Taylor Swift','Italy','787257635'),
(NULL,'Look What You Made Me Do','8/29/2017','Taylor Swift','Japan','787257635'),
(NULL,'Il Tuo Vestito Bianco','9/26/2017','Giorgio Poi','Italy','5096752'),
(NULL,'Spent the Day in Bed','9/26/2017','Morrissey','Japan','18887376'),
(NULL,'Darlo Todo','9/26/2017','Marissa Mur','Mexico','3182688'),
(NULL,'Look What You Made Me Do','8/29/2017','Taylor Swift','Mexico','787257635'),
(NULL,'Look What You Made Me Do','8/29/2017','Taylor Swift','Spain','787257635'),
(NULL,'Te lo Digo a Ti','9/26/2017','Vetusta Morla','Spain','9718328'),
(NULL,'Hi Bich','9/26/2017','Bhad Bhabie','United States','114056721'),
(NULL,'Poxa Crush','9/27/2017','Nicks Vieira','Brazil','907636'),
(NULL,'Mans Not Hot','9/27/2017','Big Shaq','Germany','279941393'),
(NULL,'Cadono Saponette','9/27/2017','Romina Falconi','Italy','214007'),
(NULL,'Power','9/27/2017','Hardwell','Japan','103965041'),
(NULL,'Darlo Todo','9/27/2017','Marissa Mur','Mexico','3182688'),
(NULL,'Look What You Made Me Do','8/29/2017','Taylor Swift','United States','787257635'),
(NULL,'Te lo Digo a Ti','9/27/2017','Vetusta Morla','Spain','9718328'),
(NULL,'Hi Bich','9/27/2017','Bhad Bhabie','United States','114056721'),
(NULL,'Look What You Made Me Do','8/30/2017','Taylor Swift','Brazil','787257635'),
(NULL,'Poxa Crush','9/28/2017','Nicks Vieira','Brazil','907636'),
(NULL,'Bayrischer Biertechno','8/30/2017','Jonny3000','Germany','5449853'),
(NULL,'Mans Not Hot','9/28/2017','Big Shaq','Germany','279941393'),
(NULL,'Look What You Made Me Do','8/30/2017','Taylor Swift','Italy','787257635'),
(NULL,'Look What You Made Me Do','8/30/2017','Taylor Swift','Japan','787257635'),
(NULL,'Cadono Saponette','9/28/2017','Romina Falconi','Italy','214007'),
(NULL,'Power','9/28/2017','Hardwell','Japan','103965041'),
(NULL,'Darlo Todo','9/28/2017','Marissa Mur','Mexico','3182688'),
(NULL,'Look What You Made Me Do','8/30/2017','Taylor Swift','Mexico','787257635'),
(NULL,'Look What You Made Me Do','8/30/2017','Taylor Swift','Spain','787257635'),
(NULL,'Te lo Digo a Ti','9/28/2017','Vetusta Morla','Spain','9718328'),
(NULL,'Mans Not Hot','9/28/2017','Big Shaq','United States','279941393'),
(NULL,'Look What You Made Me Do','8/30/2017','Taylor Swift','United States','787257635'),
(NULL,'Look What You Made Me Do','8/31/2017','Taylor Swift','Brazil','787257635'),
(NULL,'Poxa Crush','9/29/2017','Nicks Vieira','Brazil','907636'),
(NULL,'Mans Not Hot','9/29/2017','Big Shaq','Germany','279941393'),
(NULL,'Cadono Saponette','9/29/2017','Romina Falconi','Italy','214007'),
(NULL,'Power','9/29/2017','Hardwell','Japan','103965041'),
(NULL,'Darlo Todo','9/29/2017','Marissa Mur','Mexico','3182688'),
(NULL,'Te lo Digo a Ti','9/29/2017','Vetusta Morla','Spain','9718328'),
(NULL,'Mans Not Hot','9/29/2017','Big Shaq','United States','279941393'),
(NULL,'Bayrischer Biertechno','8/31/2017','Jonny3000','Germany','5449853'),
(NULL,'Poxa Crush','9/30/2017','Nicks Vieira','Brazil','907636'),
(NULL,'Mans Not Hot','9/30/2017','Big Shaq','Germany','279941393'),
(NULL,'Ti Fa Stare Bene','9/30/2017','Caparezza','Italy','28296662'),
(NULL,'Darlo Todo','9/30/2017','Marissa Mur','Mexico','3182688'),
(NULL,'Mans Not Hot','9/30/2017','Big Shaq','Spain','279941393'),
(NULL,'Mans Not Hot','9/30/2017','Big Shaq','United States','279941393');